{"cameraMode":{"drawMode":0,"name":"Shaded","section":"Shading Mode"},"sceneLighting":true,"audioPlay":false,"sceneViewState":{"showFog":true,"showMaterialUpdate":true,"showSkybox":true,"showFlares":true,"showImageEffects":true,"showParticleSystems":true},"in2DMode":false,"pivot":{"x":6.224251747131348,"y":-0.10459616780281067,"z":9.994888305664063},"rotation":{"x":-0.16948655247688294,"y":0.7733095288276672,"z":-0.2318676859140396,"w":-0.5652518272399902},"size":12.778932571411133,"orthographic":false}