{"cameraMode":{"drawMode":0,"name":"Shaded","section":"Shading Mode"},"sceneLighting":true,"audioPlay":false,"sceneViewState":{"showFog":true,"showMaterialUpdate":true,"showSkybox":true,"showFlares":true,"showImageEffects":true,"showParticleSystems":true},"in2DMode":false,"pivot":{"x":4.80194091796875,"y":-1.9329493045806885,"z":-2.605637550354004},"rotation":{"x":-0.34037765860557558,"y":0.5914504528045654,"z":-0.302529513835907,"w":-0.6654407978057861},"size":11.66446590423584,"orthographic":false}