{"cameraMode":{"drawMode":0,"name":"Shaded","section":"Shading Mode"},"sceneLighting":true,"audioPlay":false,"sceneViewState":{"showFog":true,"showMaterialUpdate":true,"showSkybox":true,"showFlares":true,"showImageEffects":true,"showParticleSystems":true},"in2DMode":false,"pivot":{"x":3.028261661529541,"y":10.309021949768067,"z":-2.5787148475646974},"rotation":{"x":-0.16948655247688294,"y":0.7733095288276672,"z":-0.2318676859140396,"w":-0.5652518272399902},"size":-1.9383268356323243,"orthographic":false}