{"cameraMode":{"drawMode":0,"name":"Shaded","section":"Shading Mode"},"sceneLighting":true,"audioPlay":false,"sceneViewState":{"showFog":true,"showMaterialUpdate":true,"showSkybox":true,"showFlares":true,"showImageEffects":true,"showParticleSystems":true},"in2DMode":false,"pivot":{"x":15.214737892150879,"y":2.0075628757476808,"z":-14.342581748962403},"rotation":{"x":-0.11638373881578446,"y":-0.5164551138877869,"z":0.07109944522380829,"w":-0.8453885912895203},"size":18.014802932739259,"orthographic":false}