{"cameraMode":{"drawMode":0,"name":"Shaded","section":"Shading Mode"},"sceneLighting":true,"audioPlay":false,"sceneViewState":{"showFog":true,"showMaterialUpdate":true,"showSkybox":true,"showFlares":true,"showImageEffects":true,"showParticleSystems":true},"in2DMode":false,"pivot":{"x":37.67809295654297,"y":1.1653616428375245,"z":-48.429656982421878},"rotation":{"x":0.107197605073452,"y":-0.8921891450881958,"z":0.2919102907180786,"w":0.32759976387023928},"size":14.473217010498047,"orthographic":false}