{"cameraMode":{"drawMode":0,"name":"Shaded","section":"Shading Mode"},"sceneLighting":true,"audioPlay":false,"sceneViewState":{"showFog":true,"showMaterialUpdate":true,"showSkybox":true,"showFlares":true,"showImageEffects":true,"showParticleSystems":true},"in2DMode":false,"pivot":{"x":-23.962621688842775,"y":1.3316185474395753,"z":-19.20206069946289},"rotation":{"x":-0.5827902555465698,"y":-0.20314855873584748,"z":0.15341606736183167,"w":-0.7717232704162598},"size":7.5416460037231449,"orthographic":false}