{"cameraMode":{"drawMode":0,"name":"Shaded","section":"Shading Mode"},"sceneLighting":true,"audioPlay":false,"sceneViewState":{"showFog":true,"showMaterialUpdate":true,"showSkybox":true,"showFlares":true,"showImageEffects":true,"showParticleSystems":true},"in2DMode":false,"pivot":{"x":-17.774477005004884,"y":-40.37434768676758,"z":-19.852813720703126},"rotation":{"x":0.39671799540519717,"y":-0.5842830538749695,"z":0.5881673097610474,"w":0.39409998059272768},"size":98.36465454101563,"orthographic":false}