{"cameraMode":{"drawMode":0,"name":"Shaded","section":"Shading Mode"},"sceneLighting":true,"audioPlay":false,"sceneViewState":{"showFog":true,"showMaterialUpdate":true,"showSkybox":true,"showFlares":true,"showImageEffects":true,"showParticleSystems":true},"in2DMode":false,"pivot":{"x":-2.3938159942626955,"y":-1.748990535736084,"z":10.296792984008789},"rotation":{"x":-0.2278679758310318,"y":0.6207727193832398,"z":-0.19530294835567475,"w":-0.7242760062217712},"size":12.69837760925293,"orthographic":false}