{"cameraMode":{"drawMode":0,"name":"Shaded","section":"Shading Mode"},"sceneLighting":true,"audioPlay":false,"sceneViewState":{"showFog":true,"showMaterialUpdate":true,"showSkybox":true,"showFlares":true,"showImageEffects":true,"showParticleSystems":true},"in2DMode":false,"pivot":{"x":4.623998641967773,"y":14.913777351379395,"z":-35.49726104736328},"rotation":{"x":0.107197605073452,"y":-0.8921891450881958,"z":0.2919102907180786,"w":0.32759976387023928},"size":98.36465454101563,"orthographic":false}